model,roc_auc,ap,f1,precision,recall,threshold,dataset
SAAB-DL,0.9999605464875101,0.977046130952381,0.9375,0.9375,0.9375,0.18943144853002641,A1_week0-8
LGBM,1.0,1.0,1.0,1.0,1.0,0.011160532638935641,A1_week0-8
XGB+SMOTE,1.0,1.0,1.0,1.0,1.0,0.9998315572738647,A1_week0-8
SAAB-DL,0.9859216745442267,0.8536015279967001,0.9,0.9,0.9,0.9691362674918323,A2_week2-10
LGBM,0.9936444969615125,0.9136972682699552,0.9,0.9,0.9,0.9989053937875445,A2_week2-10
XGB+SMOTE,0.986647535449021,0.9178950150557456,0.8717948717948718,0.8947368421052632,0.85,0.9999905824661255,A2_week2-10
SAAB-DL,0.999964970941804,0.9877777777777779,0.9795918367346939,1.0,0.96,0.9744043927026115,A3_week4-12
LGBM,0.99996815540164,0.9885714285714287,0.9795918367346939,1.0,0.96,0.9986071998541091,A3_week4-12
XGB+SMOTE,0.99993631080328,0.9822222222222222,0.9795918367346939,1.0,0.96,0.9999760389328003,A3_week4-12
SAAB-DL,0.9996789407258154,0.8880106399383627,0.9230769230769231,0.9,0.9473684210526315,0.9025359539388134,A5_peak_hours
LGBM,0.999656798706906,0.924724503765566,0.9230769230769231,0.9,0.9473684210526315,0.9640498992758705,A5_peak_hours
XGB+SMOTE,0.9995903726501782,0.9050569960338577,0.9230769230769231,0.9,0.9473684210526315,0.9997000694274902,A5_peak_hours
SAAB-DL,0.9652928870292887,0.8941230881612935,0.8421052631578947,0.8888888888888888,0.8,0.5629509960229129,A6_offpeak_hours
LGBM,0.9906415620641562,0.9088819447698822,0.8571428571428571,0.8181818181818182,0.9,0.028884910720427565,A6_offpeak_hours
XGB+SMOTE,0.9815934449093445,0.9450572071579743,0.95,0.95,0.95,0.9939508438110352,A6_offpeak_hours
SAAB-DL,0.9778279058671167,0.9055939725380197,0.8923076923076924,0.8529411764705882,0.9354838709677419,0.6454767047296728,A7_weekdays
LGBM,0.9780579554555834,0.9503844372691748,0.9333333333333333,0.9655172413793104,0.9032258064516129,0.9999426903171924,A7_weekdays
XGB+SMOTE,0.9917054342825009,0.9071975759199101,0.9090909090909091,0.8571428571428571,0.967741935483871,0.9972156286239624,A7_weekdays
SAAB-DL,0.9998240822059823,0.9119320509508934,0.9113924050632911,0.9,0.9230769230769231,0.2457312629488968,B1_0.1pct
LGBM,0.9998536256523058,0.9231922713781409,0.8974358974358975,0.8974358974358975,0.8974358974358975,0.030644923640320128,B1_0.1pct
XGB+SMOTE,0.9983428812380315,0.9129228641681933,0.9382716049382716,0.9047619047619048,0.9743589743589743,0.5895232558250427,B1_0.1pct
SAAB-DL,0.999853625652306,0.9543117609452711,0.9090909090909091,0.9210526315789473,0.8974358974358975,0.1269532077260934,B2_0.2pct_orig
LGBM,0.9994843325732611,0.9469790523771632,0.9090909090909091,0.9210526315789473,0.8974358974358975,0.1442156992516922,B2_0.2pct_orig
XGB+SMOTE,0.9998603400719248,0.9429833266807431,0.9024390243902439,0.8604651162790697,0.9487179487179487,0.7359156608581543,B2_0.2pct_orig
SAAB-DL,0.9999634648598379,0.9918746348371971,0.9873417721518988,0.975,1.0,0.14621781197978878,B3_0.5pct
LGBM,0.9999933572472434,0.9987015121630506,0.9873417721518988,0.975,1.0,0.49509342390140515,B3_0.5pct
XGB+SMOTE,0.9999568221070811,0.9891589597077288,0.9873417721518988,0.975,1.0,0.9064478874206543,B3_0.5pct
SAAB-DL,0.9999335724724326,0.9933578634773461,0.975,0.9512195121951219,1.0,0.9509479307004756,B4_1pct
LGBM,0.9999335724724325,0.9932794926559413,0.975,0.9512195121951219,1.0,0.9901395314189917,B4_1pct
XGB+SMOTE,0.9998605021921084,0.9842434633240769,0.9620253164556962,0.95,0.9743589743589743,0.9891030788421631,B4_1pct
SAAB-DL,0.9998538594393517,0.9924832418596905,0.975,0.9512195121951219,1.0,0.9369965695172927,B5_2pct
LGBM,0.9998804304503786,0.9940904642099468,0.975,0.9512195121951219,1.0,0.8717780378776158,B5_2pct
XGB+SMOTE,0.9998405739338383,0.9922822835872456,0.9620253164556962,0.95,0.9743589743589743,0.9353179931640625,B5_2pct
SAAB-DL,1.0,1.0,1.0,1.0,1.0,0.9234649870418625,C_channel_airtime
LGBM,1.0,1.0,1.0,1.0,1.0,0.9999997886670291,C_channel_airtime
XGB+SMOTE,0.9999166851810709,0.8928571428571428,0.8571428571428571,1.0,0.75,0.9891513586044312,C_channel_airtime
SAAB-DL,0.9998204221460935,0.9394849218404024,0.9253731343283582,0.8857142857142857,0.96875,0.2470469120588017,C_channel_financia
LGBM,0.9999171179135815,0.9786234919316816,0.9354838709677419,0.9666666666666667,0.90625,0.9999946369693792,C_channel_financia
XGB+SMOTE,0.9998739501602387,0.9791224533106961,0.967741935483871,1.0,0.9375,0.9999499320983887,C_channel_financia
SAAB-DL,1.0,1.0,1.0,1.0,1.0,0.9995764140913019,C_channel_utility_
LGBM,1.0,1.0,1.0,1.0,1.0,0.9999975186401643,C_channel_utility_
XGB+SMOTE,1.0,1.0,1.0,1.0,1.0,0.9999899864196777,C_channel_utility_
SAAB-DL,0.9997394805187829,0.9229665869300022,0.8918918918918919,0.9428571428571428,0.8461538461538461,0.9623646486882333,D1_amount_noise_20pct
LGBM,0.9998354967193346,0.9474090881510033,0.8947368421052632,0.918918918918919,0.8717948717948718,0.5327496693565248,D1_amount_noise_20pct
XGB+SMOTE,0.9998576543040772,0.9481081545437371,0.8974358974358975,0.8974358974358975,0.8974358974358975,0.9937530159950256,D1_amount_noise_20pct
SAAB-DL,0.9998334823934489,0.9359264398163357,0.9066666666666666,0.9444444444444444,0.8717948717948718,0.6910159578105781,D2_amount_noise_40pct
LGBM,0.9998972693798293,0.9629815798018393,0.9166666666666666,1.0,0.8461538461538461,0.9978512437372113,D2_amount_noise_40pct
XGB+SMOTE,0.9998301251836395,0.9312330923193459,0.9041095890410958,0.9705882352941176,0.8461538461538461,0.9997922778129578,D2_amount_noise_40pct
SAAB-DL,0.9999994294818063,0.9999993686508263,0.9998428908091124,0.9997905320485966,0.9998952550539436,0.9859023409978328,E1_global_SMOTE
LGBM,0.9999993801100396,0.9999993194479996,0.9998429072629209,0.9996858638743455,1.0,0.3795420428740554,E1_global_SMOTE
XGB+SMOTE,0.9999842901781048,0.9999812415784032,0.9998429072629209,0.9996858638743455,1.0,0.6974408626556396,E1_global_SMOTE
SAAB-DL,0.9999992690618454,0.9999991296901496,0.9998167395345184,0.9996335462255261,1.0,0.19946614486639783,E2_ADASYN
LGBM,0.9999989838176875,0.999998844379215,0.9998429154885329,0.9996858803204021,1.0,0.3953857865324311,E2_ADASYN
XGB+SMOTE,0.999998204881718,0.9999980455690158,0.9998429154885329,0.9996858803204021,1.0,0.47083917260169983,E2_ADASYN
